Unnamed: 0,Age,Attrition,DailyRate,DistanceFromHome,Education,EnvironmentSatisfaction,HourlyRate,JobInvolvement,JobLevel,JobSatisfaction,MonthlyIncome,MonthlyRate,NumCompaniesWorked,OverTime,PercentSalaryHike,PerformanceRating,RelationshipSatisfaction,StockOptionLevel,TotalWorkingYears,TrainingTimesLastYear,WorkLifeBalance,YearsAtCompany,YearsInCurrentRole,YearsSinceLastPromotion,YearsWithCurrManager,BusinessTravel_Non-Travel,BusinessTravel_Travel_Frequently,BusinessTravel_Travel_Rarely,Department_Human Resources,Department_Research & Development,Department_Sales,EducationField_Human Resources,EducationField_Life Sciences,EducationField_Marketing,EducationField_Medical,EducationField_Other,EducationField_Technical Degree,Gender_Female,Gender_Male,JobRole_Healthcare Representative,JobRole_Human Resources,JobRole_Laboratory Technician,JobRole_Manager,JobRole_Manufacturing Director,JobRole_Research Director,JobRole_Research Scientist,JobRole_Sales Executive,JobRole_Sales Representative,MaritalStatus_Divorced,MaritalStatus_Married,MaritalStatus_Single
0,28,0,866,5,3,4,84,3,2,1,8463,23490,0,0,18,3,4,0,6,4,3,5,4,1,3,False,False,True,False,False,True,False,False,False,True,False,False,False,True,False,False,False,False,False,False,False,True,False,False,False,True
1,53,0,1084,13,2,4,57,4,2,1,4450,26250,1,0,11,3,3,2,5,3,3,4,2,1,3,False,False,True,False,True,False,False,False,False,True,False,False,True,False,False,False,False,False,True,False,False,False,False,True,False,False
2,24,1,240,22,1,4,58,1,1,3,1555,11585,1,0,11,3,3,1,1,2,3,1,0,0,0,False,False,True,True,False,False,True,False,False,False,False,False,False,True,False,True,False,False,False,False,False,False,False,False,True,False
3,45,0,1339,7,3,2,59,3,3,1,9724,18787,2,0,17,3,3,1,25,2,3,1,0,0,0,False,False,True,False,True,False,False,True,False,False,False,False,False,True,False,False,False,False,False,False,True,False,False,True,False,False
4,36,0,1396,5,2,4,62,3,2,2,5914,9945,8,0,16,3,4,0,16,3,4,13,11,3,7,False,False,True,False,True,False,False,True,False,False,False,False,False,True,False,False,True,False,False,False,False,False,False,False,False,True
5,34,0,204,14,3,3,31,3,1,3,2579,2912,1,1,18,3,4,2,8,3,3,8,2,0,6,False,False,True,False,False,True,False,False,False,False,False,True,True,False,False,False,False,False,False,False,False,False,True,True,False,False
6,35,0,144,22,3,4,46,1,1,3,4230,19225,0,0,15,3,3,0,6,2,3,5,4,4,3,False,False,True,False,True,False,False,True,False,False,False,False,False,True,False,False,True,False,False,False,False,False,False,False,False,True
7,39,0,1431,1,4,3,96,3,1,3,2232,15417,7,0,14,3,3,3,7,1,3,3,2,1,2,False,False,True,False,True,False,False,False,False,True,False,False,True,False,False,False,True,False,False,False,False,False,False,True,False,False
8,45,0,1052,6,3,4,57,2,3,4,8865,16840,6,0,12,3,4,0,23,2,3,19,7,12,8,True,False,False,False,False,True,False,False,False,True,False,False,True,False,False,False,False,False,False,False,False,True,False,False,False,True
9,35,0,1229,8,1,4,36,4,1,4,2269,4892,1,0,19,3,4,0,1,2,3,1,0,0,1,False,False,True,False,True,False,False,True,False,False,False,False,False,True,False,False,True,False,False,False,False,False,False,False,True,False
10,47,0,1454,2,4,4,65,2,1,4,3294,13137,1,1,18,3,1,0,3,3,2,3,2,1,2,False,False,True,False,False,True,False,True,False,False,False,False,True,False,False,False,False,False,False,False,False,False,True,False,False,True
11,43,0,531,4,4,4,56,2,3,4,10231,20364,3,0,14,3,4,0,23,3,4,21,7,15,17,False,False,True,False,False,True,False,False,True,False,False,False,True,False,False,False,False,False,False,False,False,True,False,False,False,True
12,44,0,625,4,3,4,50,3,2,2,5933,5197,9,0,12,3,4,0,10,2,2,5,2,2,3,False,False,True,False,True,False,False,False,False,True,False,False,False,True,True,False,False,False,False,False,False,False,False,False,False,True
13,40,0,1171,10,4,4,46,4,1,3,2213,22495,3,1,13,3,3,1,10,3,3,7,7,1,7,False,False,True,False,True,False,False,True,False,False,False,False,True,False,False,False,True,False,False,False,False,False,False,False,True,False
14,22,0,581,1,2,4,63,3,1,3,3375,17624,0,0,12,3,4,0,4,2,4,3,2,1,2,False,False,True,False,True,False,False,True,False,False,False,False,False,True,False,False,False,False,False,False,True,False,False,False,False,True
15,30,0,1312,2,4,4,78,2,1,1,4968,26427,0,0,16,3,4,0,10,2,3,9,7,0,7,False,True,False,False,True,False,False,False,False,False,False,True,True,False,False,False,False,False,False,False,True,False,False,False,False,True
16,29,0,461,1,3,4,70,4,2,3,6294,23060,8,1,12,3,4,0,10,5,4,3,2,0,2,False,True,False,False,True,False,False,True,False,False,False,False,False,True,True,False,False,False,False,False,False,False,False,False,False,True
17,36,1,885,16,4,3,43,4,1,1,2743,8269,1,0,16,3,3,0,18,1,3,17,13,15,14,False,False,True,False,True,False,False,True,False,False,False,False,True,False,False,False,True,False,False,False,False,False,False,False,False,True
18,47,1,666,29,4,1,88,3,3,2,11849,10268,1,1,12,3,4,1,10,2,2,10,7,9,9,True,False,False,False,True,False,False,True,False,False,False,False,False,True,False,False,False,True,False,False,False,False,False,False,True,False
19,34,0,829,15,3,2,71,3,4,1,17007,11929,7,0,14,3,4,2,16,3,2,14,8,6,9,False,True,False,False,True,False,False,False,False,True,False,False,False,True,False,False,False,False,False,True,False,False,False,True,False,False
20,31,1,307,29,2,3,71,2,1,2,3479,11652,0,0,11,3,2,0,6,2,4,5,4,1,4,False,True,False,False,True,False,False,False,False,True,False,False,False,True,False,False,True,False,False,False,False,False,False,False,False,True
21,47,0,983,2,2,1,65,3,2,4,5070,7389,5,0,13,3,3,3,20,2,3,5,0,0,4,False,False,True,False,True,False,False,False,False,True,False,False,True,False,False,False,False,False,True,False,False,False,False,True,False,False
22,32,0,601,7,5,4,97,3,2,4,9204,23343,4,0,12,3,3,1,7,3,2,4,3,0,3,False,False,True,False,False,True,False,False,True,False,False,False,False,True,False,False,False,False,False,False,False,True,False,False,True,False
23,38,0,322,7,2,1,44,4,2,1,5605,19191,1,1,24,4,3,1,8,3,3,8,0,7,7,False,False,True,False,False,True,False,False,False,True,False,False,True,False,False,False,False,False,False,False,False,True,False,True,False,False
24,33,0,1242,8,4,1,46,3,2,1,6392,10589,2,0,13,3,4,1,8,6,1,2,2,2,2,False,False,True,False,False,True,False,True,False,False,False,False,False,True,False,False,False,False,False,False,False,True,False,False,True,False
25,55,0,685,26,5,3,60,2,5,4,19586,23037,1,0,21,4,3,1,36,3,3,36,6,2,13,False,False,True,False,False,True,False,False,True,False,False,False,False,True,False,False,False,True,False,False,False,False,False,False,True,False
26,27,0,618,4,3,2,76,3,1,3,2318,17808,1,0,19,3,3,0,1,2,3,1,1,0,0,False,False,True,False,True,False,False,True,False,False,False,False,True,False,False,False,False,False,False,False,True,False,False,False,False,True
27,33,0,586,1,3,1,48,4,2,1,4037,21816,1,0,22,4,1,1,9,5,3,9,8,0,8,False,False,True,False,False,True,False,False,False,True,False,False,False,True,False,False,False,False,False,False,False,True,False,True,False,False
28,44,0,1467,20,3,4,49,3,1,2,3420,21158,1,0,13,3,3,0,6,3,2,5,2,1,3,False,False,True,False,True,False,False,True,False,False,False,False,False,True,False,False,False,False,False,False,True,False,False,False,False,True
29,34,0,470,2,4,4,84,2,2,1,5957,23687,6,0,13,3,2,1,13,3,3,11,9,5,9,False,False,True,False,True,False,False,True,False,False,False,False,False,True,False,False,False,False,True,False,False,False,False,False,True,False
30,30,0,305,16,3,3,58,4,2,3,5294,9128,3,0,16,3,3,1,10,3,3,7,0,1,7,False,False,True,False,True,False,False,True,False,False,False,False,False,True,True,False,False,False,False,False,False,False,False,False,True,False
31,26,0,1066,2,2,4,32,4,2,4,5472,3334,1,0,12,3,2,0,8,2,3,8,7,1,3,False,False,True,False,True,False,False,False,False,True,False,False,False,True,False,False,False,False,True,False,False,False,False,False,True,False
32,40,0,791,2,2,3,38,4,2,2,4244,9931,1,0,24,4,4,1,8,2,3,8,7,3,7,False,True,False,False,True,False,False,False,False,True,False,False,True,False,True,False,False,False,False,False,False,False,False,False,True,False
33,37,0,799,1,3,2,59,3,3,4,7491,23848,4,0,17,3,4,0,12,3,4,6,5,1,2,False,False,True,False,True,False,False,False,False,False,False,True,True,False,False,False,False,False,True,False,False,False,False,False,False,True
34,36,1,1456,13,5,2,96,2,2,1,6134,8658,5,1,13,3,2,3,16,3,3,2,2,2,2,False,False,True,False,False,True,False,False,True,False,False,False,False,True,False,False,False,False,False,False,False,True,False,True,False,False
35,35,0,882,3,4,4,92,3,3,4,7823,6812,6,0,13,3,2,1,12,2,3,10,9,0,8,False,False,True,False,False,True,False,True,False,False,False,False,False,True,False,False,False,False,False,False,False,True,False,True,False,False
36,40,0,218,8,1,4,55,2,3,2,13757,25178,2,0,11,3,3,1,16,5,3,9,8,4,8,True,False,False,False,True,False,False,False,False,True,False,False,False,True,False,False,False,False,False,True,False,False,False,True,False,False
37,41,1,906,5,2,1,95,2,1,1,2107,20293,6,0,17,3,1,1,5,2,1,1,0,0,0,True,False,False,False,True,False,False,True,False,False,False,False,False,True,False,False,False,False,False,False,True,False,False,True,False,False
38,28,1,1434,5,4,3,50,3,1,3,3441,11179,1,1,13,3,3,0,2,3,2,2,2,2,2,False,False,True,False,True,False,False,False,False,False,False,True,False,True,False,False,True,False,False,False,False,False,False,False,False,True
39,28,0,1217,1,3,3,67,3,1,1,3591,12719,1,0,25,4,3,1,3,3,3,3,2,1,2,False,False,True,False,True,False,False,False,False,True,False,False,True,False,False,False,False,False,False,False,True,False,False,False,True,False
40,38,0,702,1,4,1,59,2,2,4,8686,12930,4,0,22,4,3,0,12,2,4,8,3,0,7,False,False,True,False,False,True,False,True,False,False,False,False,True,False,False,False,False,False,False,False,False,True,False,False,False,True
41,40,0,1342,9,2,1,47,3,2,1,5473,19345,0,0,12,3,4,0,9,5,4,8,4,7,1,False,False,True,False,False,True,False,False,False,True,False,False,False,True,False,False,False,False,False,False,False,True,False,False,True,False
42,32,0,1200,1,4,4,62,3,2,1,4087,25174,4,0,14,3,2,1,9,3,2,6,5,1,2,True,False,False,False,True,False,False,False,False,False,False,True,False,True,False,False,False,False,False,False,True,False,False,False,True,False
43,38,0,1186,3,4,3,44,3,1,3,2821,2997,3,0,16,3,1,1,8,2,3,2,2,2,2,False,True,False,False,True,False,False,False,False,False,True,False,False,True,False,False,False,False,False,False,True,False,False,False,True,False
44,33,1,350,5,3,4,34,3,1,3,2851,9150,1,1,13,3,2,0,1,2,3,1,0,0,0,False,False,True,False,False,True,False,False,True,False,False,False,True,False,False,False,False,False,False,False,False,False,True,False,False,True
45,38,0,1327,2,2,4,39,2,2,4,5249,19682,3,0,18,3,4,1,13,0,3,8,7,7,5,True,False,False,False,False,True,False,True,False,False,False,False,False,True,False,False,False,False,False,False,False,True,False,False,True,False
46,40,1,299,25,4,4,57,2,3,2,9094,17235,2,1,12,3,3,0,9,2,3,5,4,1,0,False,False,True,False,False,True,False,False,True,False,False,False,False,True,False,False,False,False,False,False,False,True,False,False,False,True
47,33,1,118,16,3,1,69,3,2,1,5324,26507,5,0,15,3,3,0,6,3,3,3,2,0,2,False,False,True,False,False,True,False,False,True,False,False,False,True,False,False,False,False,False,False,False,False,True,False,False,False,True
48,50,1,562,8,2,2,50,3,2,3,6796,23452,3,1,14,3,1,1,18,4,3,4,3,1,3,False,True,False,False,False,True,False,False,False,False,False,True,False,True,False,False,False,False,False,False,False,True,False,False,True,False
49,19,1,504,10,3,1,96,2,1,2,1859,6148,1,1,25,4,2,0,1,2,4,1,1,0,0,True,False,False,False,True,False,False,False,False,True,False,False,True,False,False,False,False,False,False,False,True,False,False,False,False,True
50,46,0,1009,2,3,1,51,3,4,3,17861,2288,6,0,13,3,3,0,26,2,1,3,2,0,1,False,False,True,False,True,False,False,True,False,False,False,False,False,True,False,False,False,False,False,True,False,False,False,False,True,False
51,31,0,691,5,4,3,86,3,1,4,4821,10077,0,1,12,3,3,1,6,4,3,5,2,0,3,False,False,True,False,True,False,False,False,False,False,False,True,False,True,False,False,False,False,False,False,True,False,False,False,True,False
52,51,0,684,6,3,1,51,3,5,3,19537,6462,7,0,13,3,3,0,23,5,3,20,18,15,15,False,False,True,False,True,False,False,True,False,False,False,False,False,True,False,False,False,False,False,True,False,False,False,False,False,True
53,34,0,507,15,2,3,66,3,2,1,6125,23553,1,0,12,3,4,0,10,6,4,10,8,9,6,False,False,True,False,False,True,False,False,False,True,False,False,True,False,False,False,False,False,False,False,False,True,False,False,False,True
54,29,0,1082,9,4,4,43,3,1,3,2974,25412,9,0,17,3,3,1,9,2,3,5,3,1,2,False,False,True,False,True,False,False,False,False,True,False,False,True,False,False,False,True,False,False,False,False,False,False,False,True,False
55,32,0,1316,2,2,4,38,3,2,3,4998,2338,4,1,14,3,4,0,10,2,3,8,7,0,7,False,True,False,False,True,False,False,True,False,False,False,False,True,False,False,False,False,False,False,False,True,False,False,False,False,True
56,40,0,905,19,2,3,99,3,2,4,2741,16523,8,1,15,3,3,1,15,2,4,7,2,3,7,False,False,True,False,True,False,False,False,False,True,False,False,False,True,False,False,True,False,False,False,False,False,False,False,True,False
57,33,0,1303,7,2,4,36,3,2,3,5968,18079,1,0,20,4,3,3,9,2,3,9,7,2,8,False,True,False,False,True,False,False,True,False,False,False,False,False,True,True,False,False,False,False,False,False,False,False,True,False,False
58,34,0,970,8,2,2,96,3,2,3,6142,7360,3,0,11,3,4,0,10,2,3,5,1,4,3,False,False,True,False,True,False,False,False,False,True,False,False,True,False,True,False,False,False,False,False,False,False,False,False,False,True
59,39,0,711,4,3,1,81,3,2,3,5042,3140,0,0,13,3,4,0,10,2,1,9,2,3,8,False,True,False,False,True,False,False,False,False,True,False,False,True,False,False,False,False,False,True,False,False,False,False,False,False,True
60,45,0,176,4,3,3,56,1,3,3,9756,6595,4,0,21,4,3,2,9,2,4,5,0,0,3,False,False,True,True,False,False,False,True,False,False,False,False,True,False,False,True,False,False,False,False,False,False,False,False,True,False
61,21,1,1334,10,3,3,36,2,1,1,1416,17258,1,0,13,3,1,0,1,6,2,1,0,1,0,False,False,True,False,True,False,False,True,False,False,False,False,True,False,False,False,True,False,False,False,False,False,False,False,False,True
62,31,1,1445,1,5,3,100,4,3,2,7446,8931,1,0,11,3,1,0,10,2,3,10,8,4,7,False,True,False,False,True,False,False,True,False,False,False,False,True,False,False,False,False,False,True,False,False,False,False,False,False,True
63,50,0,691,2,3,3,64,3,4,3,17639,6881,5,0,16,3,4,0,30,3,3,4,3,0,3,False,False,True,False,True,False,False,False,False,True,False,False,False,True,False,False,False,False,False,True,False,False,False,False,True,False
64,37,1,1141,11,2,1,61,1,2,2,4777,14382,5,0,15,3,1,0,15,2,1,1,0,0,0,False,False,True,False,True,False,False,False,False,True,False,False,True,False,True,False,False,False,False,False,False,False,False,False,True,False
65,35,1,556,23,2,2,50,2,2,3,5916,15497,3,1,13,3,1,0,8,1,3,1,0,0,1,False,False,True,False,True,False,False,True,False,False,False,False,False,True,False,False,False,False,True,False,False,False,False,False,True,False
66,27,0,1130,8,4,2,56,3,2,2,6214,3415,1,0,18,3,1,1,8,3,3,8,7,0,7,False,False,True,False,False,True,False,False,True,False,False,False,True,False,False,False,False,False,False,False,False,True,False,False,True,False
67,37,0,783,7,4,4,78,3,2,1,4284,13588,5,1,22,4,3,1,16,2,3,5,3,0,4,False,False,True,False,True,False,False,False,False,True,False,False,False,True,False,False,False,False,False,False,True,False,False,False,True,False
68,28,0,1117,8,2,4,66,3,1,4,3310,4488,1,0,21,4,4,0,5,3,3,5,3,0,2,False,False,True,False,True,False,False,True,False,False,False,False,True,False,False,False,False,False,False,False,True,False,False,False,False,True
69,40,0,898,6,2,3,38,3,4,4,16437,17381,1,1,21,4,4,0,21,2,3,21,7,7,7,False,False,True,True,False,False,False,False,False,True,False,False,False,True,False,False,False,True,False,False,False,False,False,False,False,True
70,36,0,335,17,2,3,33,2,2,2,5507,16822,2,0,16,3,3,2,12,1,1,4,2,1,3,False,False,True,False,False,True,False,False,True,False,False,False,False,True,False,False,False,False,False,False,False,True,False,False,True,False
71,46,0,705,2,4,2,83,3,5,1,18947,22822,3,0,12,3,4,0,22,2,2,2,2,2,1,False,False,True,False,False,True,False,False,True,False,False,False,True,False,False,False,False,True,False,False,False,False,False,False,False,True
72,37,0,558,2,3,4,75,3,2,3,9602,3010,4,1,11,3,3,1,17,3,2,3,0,1,0,False,False,True,False,False,True,False,False,True,False,False,False,False,True,False,False,False,False,False,False,False,True,False,False,True,False
73,35,0,776,1,4,3,32,2,2,1,4312,23016,0,0,14,3,2,0,16,2,3,15,13,2,8,False,False,True,False,False,True,False,False,True,False,False,False,False,True,False,False,False,False,False,False,False,True,False,False,False,True
74,29,0,1329,7,3,3,82,3,2,4,6623,4204,1,1,11,3,2,2,6,2,3,6,0,1,0,False,False,True,False,True,False,False,True,False,False,False,False,False,True,True,False,False,False,False,False,False,False,False,True,False,False
75,55,0,836,8,3,4,33,3,4,3,14756,19730,2,1,14,3,3,3,21,2,3,5,0,0,2,False,False,True,False,True,False,False,False,False,True,False,False,True,False,False,False,False,True,False,False,False,False,False,True,False,False
76,34,0,426,10,4,3,42,4,2,4,4724,17000,1,0,13,3,1,1,9,3,3,9,7,7,2,False,True,False,False,True,False,False,True,False,False,False,False,False,True,False,False,False,False,True,False,False,False,False,True,False,False
77,34,0,1111,8,2,3,93,3,2,1,6500,13305,5,0,17,3,2,1,6,1,3,3,2,1,2,False,False,True,False,False,True,False,True,False,False,False,False,True,False,False,False,False,False,False,False,False,True,False,False,True,False
78,36,0,363,1,3,3,77,1,3,1,10252,4235,2,1,21,4,3,1,17,2,3,7,7,7,7,False,False,True,False,True,False,False,False,False,False,False,True,True,False,False,False,False,False,True,False,False,False,False,True,False,False
79,30,0,634,17,4,2,95,3,3,1,11916,25927,1,1,23,4,4,2,9,2,3,9,1,0,8,False,False,True,False,True,False,False,False,False,True,False,False,True,False,False,False,False,True,False,False,False,False,False,False,True,False
80,53,0,1223,7,2,4,50,3,5,3,18606,18640,3,0,18,3,2,1,26,6,3,7,7,4,7,False,False,True,False,True,False,False,False,False,True,False,False,True,False,False,False,False,True,False,False,False,False,False,True,False,False
81,39,0,141,3,3,3,44,4,2,2,6389,18767,9,0,15,3,3,1,12,3,1,8,3,3,6,False,False,True,True,False,False,True,False,False,False,False,False,True,False,False,True,False,False,False,False,False,False,False,False,True,False
82,58,0,605,21,3,4,72,3,4,4,17875,11761,4,1,13,3,3,1,29,2,2,1,0,0,0,False,False,True,False,False,True,False,True,False,False,False,False,True,False,False,False,False,True,False,False,False,False,False,False,True,False
83,25,0,622,13,1,2,40,3,1,3,2096,26376,1,0,11,3,3,0,7,1,3,7,4,0,6,False,False,True,False,False,True,False,False,False,True,False,False,False,True,False,False,False,False,False,False,False,False,True,False,True,False
84,29,1,408,23,1,4,45,2,3,1,7336,11162,1,0,13,3,1,1,11,3,1,11,8,3,10,False,False,True,False,False,True,False,True,False,False,False,False,True,False,False,False,False,False,False,False,False,True,False,False,True,False
85,44,0,981,5,3,3,90,2,1,3,3162,7973,3,0,14,3,4,0,7,5,3,5,2,0,3,True,False,False,False,True,False,False,True,False,False,False,False,False,True,False,False,True,False,False,False,False,False,False,False,False,True
86,41,0,1206,23,2,4,80,3,3,3,7082,11591,3,1,16,3,4,0,21,2,3,2,0,0,2,False,False,True,False,False,True,False,True,False,False,False,False,False,True,False,False,False,False,False,False,False,True,False,False,False,True
87,44,0,1112,1,4,1,50,2,2,3,5985,26894,4,0,11,3,2,0,10,1,4,2,2,0,2,False,False,True,True,False,False,False,True,False,False,False,False,True,False,False,True,False,False,False,False,False,False,False,False,False,True
88,32,0,638,8,2,3,91,4,2,3,5175,22162,5,0,12,3,3,1,9,3,2,5,3,1,3,False,False,True,False,True,False,False,False,False,True,False,False,True,False,False,False,False,False,False,False,True,False,False,False,True,False
89,30,0,721,1,2,3,58,3,2,4,4011,10781,1,0,23,4,4,0,12,2,3,12,8,3,7,False,True,False,False,True,False,False,False,False,True,False,False,True,False,False,False,True,False,False,False,False,False,False,False,False,True
90,37,0,1115,1,4,1,51,2,2,3,5993,2689,1,0,18,3,3,1,7,2,4,7,5,0,7,False,False,True,False,True,False,False,True,False,False,False,False,False,True,False,False,False,False,True,False,False,False,False,True,False,False
91,21,0,391,15,2,3,96,3,1,4,1232,19281,1,0,14,3,4,0,0,6,3,0,0,0,0,False,False,True,False,True,False,False,True,False,False,False,False,False,True,False,False,False,False,False,False,True,False,False,False,False,True
92,39,0,119,15,4,2,77,3,4,1,13341,25098,0,0,12,3,1,0,21,3,3,20,8,11,10,False,False,True,False,False,True,False,False,True,False,False,False,False,True,False,False,False,False,False,False,False,True,False,False,False,True
93,30,0,202,2,1,3,72,3,1,2,2476,17434,1,0,18,3,1,1,1,3,3,1,0,0,0,False,False,True,False,False,True,False,False,False,False,False,True,False,True,False,False,False,False,False,False,False,False,True,False,True,False
94,37,0,1189,3,3,3,87,3,3,4,7428,14506,2,0,12,3,1,0,12,3,3,5,3,1,3,False,False,True,False,False,True,False,True,False,False,False,False,False,True,False,False,False,False,False,False,False,True,False,False,False,True
95,31,0,1232,7,4,3,39,3,3,4,7143,25713,1,1,14,3,3,0,11,2,2,11,9,4,10,False,False,True,False,True,False,False,False,False,True,False,False,True,False,False,False,False,False,True,False,False,False,False,False,False,True
96,29,0,1246,19,3,3,77,2,2,3,8620,23757,1,0,14,3,3,2,10,3,3,10,7,0,4,False,False,True,False,False,True,False,True,False,False,False,False,False,True,False,False,False,False,False,False,False,True,False,True,False,False
97,37,0,1063,25,5,2,72,3,2,3,4449,23866,3,1,15,3,1,2,15,2,3,13,11,10,7,True,False,False,False,True,False,False,False,False,True,False,False,True,False,False,False,False,False,False,False,True,False,False,False,True,False
98,47,0,571,14,3,3,78,3,2,3,4591,24200,3,1,17,3,3,1,11,4,2,5,4,1,2,False,False,True,False,False,True,False,False,False,True,False,False,True,False,False,False,False,False,False,False,False,True,False,False,True,False
99,46,0,1125,10,3,3,94,2,3,4,9071,11563,2,1,19,3,3,1,15,3,3,3,2,1,2,False,False,True,False,False,True,False,False,True,False,False,False,True,False,False,False,False,False,False,False,False,True,False,False,True,False
100,55,0,452,1,3,4,81,3,5,1,19045,18938,0,1,14,3,3,0,37,2,3,36,10,4,13,False,False,True,False,True,False,False,False,False,True,False,False,False,True,False,False,False,True,False,False,False,False,False,False,False,True
101,28,0,950,3,3,4,93,3,3,2,7655,8039,0,0,17,3,2,3,10,3,2,9,7,1,7,False,False,True,False,True,False,False,False,False,True,False,False,True,False,False,False,False,False,True,False,False,False,False,True,False,False
102,49,1,1184,11,3,3,43,3,3,4,7654,5860,1,0,18,3,1,2,9,3,4,9,8,7,7,False,False,True,False,False,True,False,False,True,False,False,False,True,False,False,False,False,False,False,False,False,True,False,False,True,False
103,27,0,1291,11,3,3,98,4,1,4,2534,6527,8,0,14,3,2,1,5,4,3,1,0,0,0,False,False,True,False,False,True,False,False,False,True,False,False,True,False,False,False,False,False,False,False,False,False,True,False,True,False
104,48,0,1355,4,4,3,78,2,3,3,10999,22245,7,0,14,3,2,0,27,3,3,15,11,4,8,False,False,True,False,True,False,False,True,False,False,False,False,False,True,True,False,False,False,False,False,False,False,False,False,False,True
105,38,0,770,10,4,3,73,2,3,3,8740,5569,0,1,14,3,2,2,9,2,3,8,7,2,7,False,False,True,False,False,True,False,False,True,False,False,False,False,True,False,False,False,False,False,False,False,True,False,True,False,False
106,46,0,1144,7,4,3,30,3,2,3,5258,16044,2,0,14,3,3,0,7,2,4,1,0,0,0,True,False,False,False,True,False,False,False,False,True,False,False,True,False,False,False,False,False,True,False,False,False,False,False,True,False
107,32,0,1318,10,4,4,79,3,2,4,4648,26075,8,0,13,3,3,0,4,2,4,0,0,0,0,False,True,False,False,False,True,False,False,True,False,False,False,False,True,False,False,False,False,False,False,False,True,False,False,False,True
108,37,0,397,7,4,1,30,3,3,3,13664,25258,4,0,13,3,1,0,16,3,4,5,2,0,2,False,False,True,False,True,False,False,False,False,True,False,False,False,True,False,False,False,False,False,True,False,False,False,False,False,True
109,45,0,252,1,3,3,70,4,5,4,19202,15970,0,0,11,3,3,1,25,2,3,24,0,1,7,False,False,True,False,True,False,False,False,False,False,True,False,False,True,False,False,False,True,False,False,False,False,False,False,True,False
110,35,1,763,15,2,1,59,1,2,4,5440,22098,6,1,14,3,4,2,7,2,2,2,2,2,2,False,False,True,False,False,True,False,False,False,True,False,False,False,True,False,False,False,False,False,False,False,True,False,True,False,False
111,45,0,1015,5,5,3,50,1,2,1,5769,23447,1,1,14,3,1,0,10,3,3,10,7,1,4,False,False,True,False,True,False,False,False,False,True,False,False,True,False,False,False,True,False,False,False,False,False,False,False,False,True
112,31,0,1188,20,2,4,45,3,2,3,6932,24406,1,0,13,3,4,1,9,2,2,9,8,0,0,True,False,False,False,False,True,False,False,True,False,False,False,True,False,False,False,False,False,False,False,False,True,False,False,True,False
113,30,0,1176,20,3,3,85,3,2,1,9957,9096,0,0,15,3,3,1,7,1,2,6,2,0,2,False,False,True,False,True,False,False,False,False,False,True,False,False,True,False,False,False,False,True,False,False,False,False,False,True,False
114,38,0,1490,2,2,4,42,3,1,4,1702,12106,1,1,23,4,3,1,1,3,3,1,0,0,0,False,True,False,False,True,False,False,True,False,False,False,False,False,True,False,False,True,False,False,False,False,False,False,False,True,False
115,45,0,1316,29,3,3,83,3,1,4,3452,9752,5,0,13,3,2,0,9,2,2,6,5,0,3,False,False,True,False,True,False,False,False,False,True,False,False,False,True,False,False,False,False,False,False,True,False,False,False,False,True
116,59,0,1225,1,1,1,57,2,2,3,5473,24668,7,0,11,3,4,0,20,2,2,4,3,1,3,False,True,False,False,False,True,False,True,False,False,False,False,True,False,False,False,False,False,False,False,False,True,False,False,False,True
117,29,0,1389,21,4,2,51,4,3,1,9980,10195,1,0,11,3,3,1,10,1,3,10,9,8,8,False,False,True,False,True,False,False,True,False,False,False,False,True,False,False,False,False,False,True,False,False,False,False,True,False,False
118,49,0,809,1,3,3,36,3,4,3,15379,22384,4,0,14,3,1,0,23,2,3,8,7,0,0,False,False,True,False,True,False,False,True,False,False,False,False,False,True,False,False,False,True,False,False,False,False,False,False,False,True
119,33,0,1099,4,4,1,82,2,1,2,3838,8192,8,0,11,3,4,0,8,5,3,5,4,0,2,False,False,True,False,True,False,False,False,False,True,False,False,True,False,False,False,True,False,False,False,False,False,False,False,True,False
120,56,0,1255,1,2,1,90,3,1,1,2066,10494,2,0,22,4,4,1,5,3,4,3,2,1,0,False,False,True,False,True,False,False,True,False,False,False,False,True,False,False,False,False,False,False,False,True,False,False,False,True,False
121,34,0,943,9,3,4,86,3,3,4,8500,5494,0,0,11,3,4,1,10,0,2,9,7,1,6,False,False,True,False,True,False,False,True,False,False,False,False,False,True,True,False,False,False,False,False,False,False,False,True,False,False
122,51,0,968,6,2,2,40,2,1,3,2838,4257,0,0,14,3,2,0,8,6,2,7,0,7,7,False,True,False,False,True,False,False,False,False,True,False,False,True,False,False,False,True,False,False,False,False,False,False,False,False,True
123,53,0,661,1,4,1,60,2,4,3,12965,22308,4,1,20,4,4,3,27,2,2,3,2,0,2,True,False,False,False,True,False,False,False,False,True,False,False,True,False,False,False,False,False,True,False,False,False,False,False,True,False
124,38,0,240,2,4,1,75,4,2,1,5980,26085,6,1,12,3,4,0,17,2,3,15,7,4,12,False,True,False,False,True,False,False,True,False,False,False,False,True,False,False,False,False,False,True,False,False,False,False,False,False,True
125,19,1,489,2,2,1,52,2,1,4,2564,18437,1,0,12,3,3,0,1,3,4,1,0,0,0,False,False,True,True,False,False,False,False,False,False,False,True,False,True,False,True,False,False,False,False,False,False,False,False,False,True
126,25,0,1356,10,4,3,57,3,2,4,4950,20623,0,0,14,3,2,0,5,4,3,4,3,1,1,False,False,True,False,False,True,False,True,False,False,False,False,False,True,False,False,False,False,False,False,False,True,False,False,False,True
127,39,1,203,2,3,1,84,3,4,4,12169,13547,7,0,11,3,4,3,21,4,3,18,7,11,5,False,True,False,False,True,False,False,True,False,False,False,False,False,True,True,False,False,False,False,False,False,False,False,True,False,False
128,39,0,408,2,4,4,80,2,2,3,4553,20978,1,0,11,3,1,0,20,4,3,20,7,11,10,False,False,True,False,True,False,False,False,False,False,False,True,True,False,True,False,False,False,False,False,False,False,False,False,False,True
129,31,0,218,7,3,2,100,4,2,4,6929,12241,4,0,11,3,2,1,10,3,2,8,7,7,7,False,False,True,False,False,True,False,False,False,False,False,True,False,True,False,False,False,False,False,False,False,True,False,False,True,False
130,29,0,574,20,1,4,40,3,1,4,3812,7003,1,0,13,3,2,0,11,3,4,11,8,3,10,False,True,False,False,True,False,False,False,False,True,False,False,False,True,False,False,True,False,False,False,False,False,False,False,True,False
131,18,0,1431,14,3,2,33,3,1,3,1514,8018,1,0,16,3,3,0,0,4,1,0,0,0,0,True,False,False,False,True,False,False,False,False,True,False,False,True,False,False,False,False,False,False,False,True,False,False,False,False,True
132,60,0,1499,28,3,3,80,2,3,1,10266,2845,4,0,19,3,4,0,22,5,4,18,13,13,11,False,True,False,False,False,True,False,False,True,False,False,False,True,False,False,False,False,False,False,False,False,True,False,False,True,False
133,33,1,827,29,4,1,54,2,2,3,4508,3129,1,0,22,4,2,0,14,4,3,13,7,3,8,False,True,False,False,True,False,False,False,False,True,False,False,True,False,False,False,False,False,False,False,True,False,False,False,False,True
134,26,0,1384,3,4,1,82,4,1,4,4420,13421,1,0,22,4,2,1,8,2,3,8,7,0,7,False,False,True,False,True,False,False,False,False,True,False,False,False,True,False,False,True,False,False,False,False,False,False,False,True,False
135,34,0,285,29,3,2,86,3,2,3,5429,17491,4,0,13,3,1,2,10,1,3,8,7,7,7,False,False,True,False,True,False,False,False,False,True,False,False,False,True,False,False,True,False,False,False,False,False,False,False,True,False
136,21,0,996,3,2,4,100,2,1,3,3230,10531,1,0,17,3,1,0,3,4,4,3,2,1,0,False,False,True,False,True,False,False,False,False,True,False,False,False,True,False,False,False,False,False,False,True,False,False,False,False,True
137,31,1,534,20,3,1,66,3,3,3,9824,22908,3,0,12,3,1,0,12,2,3,1,0,0,0,False,True,False,False,True,False,False,True,False,False,False,False,False,True,True,False,False,False,False,False,False,False,False,False,True,False
138,42,0,544,2,1,3,52,3,1,3,2696,24017,0,1,11,3,3,1,4,5,3,3,2,1,0,False,False,True,True,False,False,False,False,False,False,False,True,False,True,False,True,False,False,False,False,False,False,False,True,False,False
139,50,0,939,24,3,4,95,3,4,3,13973,4161,3,1,18,3,4,1,22,2,3,12,11,1,5,False,False,True,False,True,False,False,True,False,False,False,False,False,True,False,False,False,False,True,False,False,False,False,False,True,False
140,28,0,791,1,4,4,44,3,1,3,2154,6842,0,1,11,3,3,0,5,2,2,4,2,0,2,False,True,False,False,True,False,False,False,False,True,False,False,False,True,False,False,True,False,False,False,False,False,False,False,False,True
141,42,0,319,24,3,4,56,3,3,1,7406,6950,1,1,21,4,4,1,10,5,2,10,9,5,8,False,False,True,False,True,False,False,False,False,True,False,False,False,True,False,False,False,False,True,False,False,False,False,False,True,False
142,36,0,894,1,4,4,33,2,2,3,4374,15411,0,0,15,3,3,0,4,6,3,3,2,1,2,True,False,False,False,True,False,False,False,False,True,False,False,True,False,False,False,False,False,True,False,False,False,False,False,True,False
143,27,0,994,8,3,4,37,3,3,3,8726,2975,1,0,15,3,4,0,9,0,3,9,8,1,7,False,True,False,False,False,True,False,True,False,False,False,False,False,True,False,False,False,False,False,False,False,True,False,False,False,True
144,49,0,465,6,1,3,41,2,4,3,13966,11652,2,1,19,3,2,1,30,3,3,15,11,2,12,False,False,True,False,True,False,False,True,False,False,False,False,True,False,True,False,False,False,False,False,False,False,False,False,True,False
145,32,0,953,5,4,2,65,3,1,2,2718,17674,2,0,14,3,2,0,12,3,3,7,7,0,7,True,False,False,False,True,False,False,False,False,False,False,True,False,True,False,False,False,False,False,False,True,False,False,False,False,True
146,54,0,928,20,4,4,31,3,2,3,4869,16885,3,0,12,3,4,0,20,4,2,4,3,0,3,False,True,False,False,True,False,False,True,False,False,False,False,True,False,False,False,False,False,False,False,True,False,False,False,False,True
147,21,1,251,10,2,1,45,2,1,3,2625,25308,1,0,20,4,3,0,2,2,1,2,2,2,2,False,True,False,False,True,False,False,True,False,False,False,False,True,False,False,False,True,False,False,False,False,False,False,False,False,True
148,32,0,827,1,1,4,71,3,1,1,2956,15178,1,0,13,3,4,0,1,2,3,1,0,0,0,False,False,True,False,True,False,False,True,False,False,False,False,False,True,False,False,False,False,False,False,True,False,False,False,False,True
149,25,1,240,5,3,3,46,2,2,3,5744,26959,1,1,11,3,4,0,6,1,3,6,4,0,3,False,False,True,False,False,True,False,False,True,False,False,False,False,True,False,False,False,False,False,False,False,True,False,False,False,True
150,32,0,906,7,3,4,91,2,2,3,5484,16985,1,0,14,3,3,1,13,3,2,13,8,4,8,False,False,True,False,False,True,False,True,False,False,False,False,False,True,False,False,False,False,False,False,False,True,False,False,True,False
151,46,1,377,9,3,1,52,3,3,4,10096,15986,4,0,11,3,1,1,28,1,4,7,7,4,3,False,False,True,False,False,True,False,False,True,False,False,False,False,True,False,False,False,False,False,False,False,True,False,True,False,False
152,56,0,713,8,3,3,67,3,1,1,4257,13939,4,1,18,3,3,1,19,3,3,2,2,2,2,False,False,True,False,True,False,False,True,False,False,False,False,True,False,False,False,False,False,False,False,True,False,False,True,False,False
153,32,1,515,1,3,4,62,2,1,3,3730,9571,0,1,14,3,4,0,4,2,1,3,2,1,2,False,False,True,False,True,False,False,True,False,False,False,False,False,True,False,False,True,False,False,False,False,False,False,False,False,True
154,39,0,1498,21,4,1,44,2,2,4,6120,3567,3,1,12,3,4,2,8,2,4,5,4,1,4,False,False,True,False,False,True,False,True,False,False,False,False,False,True,False,False,False,False,False,False,False,True,False,False,True,False
155,25,1,688,3,3,1,91,3,1,1,4031,9396,5,0,13,3,3,1,6,5,3,2,2,0,2,False,False,True,False,True,False,False,False,False,True,False,False,False,True,False,False,True,False,False,False,False,False,False,False,True,False
156,31,0,1003,5,3,1,51,3,2,3,8346,20943,1,0,19,3,3,1,6,3,3,5,2,0,2,False,False,True,False,False,True,False,False,False,False,False,True,False,True,False,False,False,False,False,False,False,True,False,False,True,False
157,22,0,594,2,1,3,100,3,1,4,2523,19299,0,0,14,3,3,1,3,2,3,2,1,2,1,False,False,True,False,True,False,False,False,False,False,False,True,False,True,False,False,True,False,False,False,False,False,False,False,True,False
158,46,0,430,1,4,4,40,3,5,4,19627,21445,9,0,17,3,4,2,23,0,3,2,2,2,2,False,False,True,False,True,False,False,False,False,True,False,False,False,True,False,False,False,False,False,True,False,False,False,True,False,False
159,32,0,1062,2,3,3,75,3,1,2,2370,3956,1,0,13,3,3,1,8,4,3,8,0,0,7,False,False,True,False,True,False,False,False,False,True,False,False,True,False,False,False,True,False,False,False,False,False,False,False,True,False
160,38,1,903,2,3,3,81,3,2,2,4855,7653,4,0,11,3,1,2,7,2,3,5,2,1,4,False,False,True,False,True,False,False,False,False,True,False,False,False,True,False,False,False,False,True,False,False,False,False,False,True,False
161,34,0,258,21,4,4,74,4,2,4,5337,19921,1,0,12,3,4,0,10,3,3,10,7,5,7,False,False,True,False,False,True,False,True,False,False,False,False,False,True,False,False,False,False,False,False,False,True,False,False,False,True
162,45,0,589,2,4,3,67,3,2,3,5154,19665,4,0,22,4,2,2,10,3,4,8,7,5,7,True,False,False,False,False,True,False,True,False,False,False,False,True,False,False,False,False,False,False,False,False,True,False,False,True,False
163,49,0,464,16,3,4,74,3,1,1,2587,24941,4,1,16,3,2,1,17,2,2,2,2,2,2,False,False,True,False,True,False,False,False,False,True,False,False,True,False,False,False,True,False,False,False,False,False,False,True,False,False
164,34,0,1157,5,2,2,57,2,2,4,3986,11912,1,0,14,3,3,1,15,3,4,15,10,4,13,False,False,True,False,True,False,False,False,False,True,False,False,False,True,False,False,True,False,False,False,False,False,False,False,True,False
165,30,0,946,2,3,3,52,2,2,4,6877,20234,5,1,24,4,2,0,12,4,2,0,0,0,0,False,False,True,False,True,False,False,False,False,True,False,False,True,False,False,False,False,False,True,False,False,False,False,False,False,True
166,30,0,125,9,2,4,83,2,1,3,2206,16117,1,0,13,3,1,0,10,5,3,10,0,1,8,False,False,True,False,True,False,False,False,False,True,False,False,False,True,False,False,True,False,False,False,False,False,False,False,False,True
167,39,0,835,19,4,4,41,3,2,4,3902,5141,8,0,14,3,2,3,7,2,3,2,2,2,2,False,False,True,False,True,False,False,False,False,False,True,False,False,True,False,False,False,False,False,False,True,False,False,True,False,False
168,50,0,1099,29,4,2,88,2,4,3,17046,9314,0,0,15,3,2,1,28,2,3,27,10,15,7,False,False,True,False,True,False,False,True,False,False,False,False,False,True,False,False,False,True,False,False,False,False,False,False,True,False
169,35,0,1296,5,4,3,62,3,3,2,8095,18264,0,0,13,3,4,0,17,5,3,16,6,0,13,False,False,True,False,True,False,False,False,False,False,False,True,False,True,False,False,False,False,True,False,False,False,False,False,False,True
170,37,0,1319,6,3,3,51,4,2,1,5974,17001,4,1,13,3,1,2,13,2,3,7,7,6,7,False,False,True,False,True,False,False,False,False,True,False,False,False,True,False,False,False,False,False,False,True,False,False,True,False,False
171,40,0,1137,1,4,1,98,3,4,1,16823,18991,2,0,11,3,1,1,22,3,3,19,7,11,16,False,False,True,False,True,False,False,True,False,False,False,False,False,True,False,False,False,True,False,False,False,False,False,True,False,False
172,35,0,1490,11,4,4,43,3,1,3,2660,20232,7,1,11,3,3,1,5,3,3,2,2,2,2,False,False,True,False,True,False,False,False,False,True,False,False,False,True,False,False,True,False,False,False,False,False,False,False,True,False
173,24,0,477,24,3,4,49,3,1,2,3597,6409,8,0,22,4,4,0,6,2,3,4,3,1,2,False,False,True,False,True,False,False,False,False,True,False,False,False,True,False,False,True,False,False,False,False,False,False,False,False,True
174,32,0,1018,2,4,1,74,4,2,4,5055,10557,7,0,16,3,3,0,10,0,2,7,7,0,7,False,False,True,False,True,False,False,False,False,True,False,False,True,False,False,False,False,False,False,False,True,False,False,False,False,True
175,34,0,1440,7,2,2,55,3,1,3,2308,4944,0,1,25,4,2,1,12,4,3,11,10,5,7,False,False,True,False,False,True,False,False,False,False,False,True,False,True,False,False,False,False,False,False,False,False,True,False,True,False
176,34,0,1351,1,4,2,45,3,2,4,5484,13008,9,0,17,3,2,1,9,3,2,2,2,2,1,False,False,True,False,True,False,False,True,False,False,False,False,False,True,False,False,False,False,False,False,True,False,False,False,True,False
177,57,0,334,24,2,3,83,4,3,4,9439,23402,3,1,16,3,2,1,12,2,1,5,3,1,4,False,False,True,False,True,False,False,True,False,False,False,False,False,True,True,False,False,False,False,False,False,False,False,True,False,False
178,41,0,796,4,1,3,81,3,3,3,10447,26458,0,1,13,3,4,1,23,3,4,22,14,13,5,False,False,True,False,False,True,False,False,True,False,False,False,True,False,False,False,False,False,False,False,False,True,False,True,False,False
179,24,0,567,2,1,1,32,3,1,4,3760,17218,1,1,13,3,3,0,6,2,3,6,3,1,3,False,True,False,False,True,False,False,False,False,False,False,True,True,False,False,False,False,False,False,False,True,False,False,False,False,True
180,56,0,1369,23,3,4,68,3,4,2,13402,18235,4,1,12,3,1,1,33,0,3,19,16,15,9,False,False,True,False,True,False,False,True,False,False,False,False,False,True,False,False,False,False,True,False,False,False,False,False,True,False
181,28,0,304,9,4,2,92,3,2,4,5253,20750,1,0,16,3,4,0,7,1,3,7,5,0,7,False,False,True,False,False,True,False,True,False,False,False,False,False,True,False,False,False,False,False,False,False,True,False,False,False,True
182,42,0,532,4,2,3,58,3,5,4,19232,4933,1,0,11,3,4,0,22,3,3,22,17,11,15,False,False,True,False,True,False,False,False,False,False,False,True,False,True,False,False,False,True,False,False,False,False,False,False,True,False
183,39,0,1089,6,3,2,32,3,3,2,8376,9150,4,0,18,3,4,0,9,3,3,2,0,2,2,False,False,True,False,True,False,False,True,False,False,False,False,True,False,False,False,False,False,True,False,False,False,False,False,False,True
184,35,0,1232,16,3,3,96,3,3,2,8020,5100,0,0,15,3,3,2,12,3,2,11,9,6,9,False,False,True,False,False,True,False,False,True,False,False,False,False,True,False,False,False,False,False,False,False,True,False,False,True,False
185,27,0,443,3,3,4,50,3,1,4,1706,16571,1,0,11,3,3,3,0,6,2,0,0,0,0,True,False,False,False,True,False,False,False,False,True,False,False,False,True,False,False,False,False,False,False,True,False,False,False,True,False
186,40,0,448,16,3,3,84,3,3,4,7945,19948,6,1,15,3,4,0,18,2,2,4,2,3,3,False,False,True,False,True,False,False,True,False,False,False,False,True,False,False,False,False,False,True,False,False,False,False,False,False,True
187,50,0,1046,10,3,4,100,2,3,4,10496,2755,6,0,15,3,4,0,20,2,3,4,3,1,3,False,False,True,False,True,False,False,False,False,False,False,True,False,True,True,False,False,False,False,False,False,False,False,False,False,True
188,46,1,261,21,2,4,66,3,2,2,8926,10842,4,0,22,4,4,1,13,2,4,9,7,3,7,False,False,True,False,True,False,False,False,False,True,False,False,True,False,True,False,False,False,False,False,False,False,False,False,True,False
189,28,0,857,10,3,3,59,3,2,3,3660,7909,3,0,13,3,4,0,10,4,4,8,7,1,7,False,False,True,False,True,False,False,False,False,False,True,False,True,False,False,False,False,False,False,False,True,False,False,False,False,True
190,40,0,1194,1,3,3,52,3,2,4,6513,9060,4,0,17,3,4,1,12,3,3,5,3,0,3,False,False,True,False,True,False,False,True,False,False,False,False,True,False,True,False,False,False,False,False,False,False,False,True,False,False
191,59,0,1435,25,3,1,99,3,3,1,7637,2354,7,0,11,3,4,0,28,3,2,21,16,7,9,False,False,True,False,False,True,False,True,False,False,False,False,True,False,False,False,False,False,False,False,False,True,False,False,False,True
192,29,0,332,17,3,2,51,2,3,1,7988,9769,1,0,13,3,1,0,10,3,2,10,9,0,9,False,False,True,True,False,False,False,False,False,False,True,False,False,True,False,True,False,False,False,False,False,False,False,False,False,True
193,42,0,557,18,4,4,35,3,2,1,5410,11189,6,1,17,3,3,1,9,3,2,4,3,1,2,False,False,True,False,True,False,False,True,False,False,False,False,False,True,False,False,False,False,False,False,True,False,False,True,False,False
194,28,0,1083,29,1,3,96,1,2,2,6549,3173,1,0,14,3,2,2,8,2,2,8,6,1,7,False,False,True,False,True,False,False,True,False,False,False,False,False,True,False,False,False,False,True,False,False,False,False,False,True,False
195,44,0,111,17,3,4,74,1,1,3,2290,4279,2,0,13,3,4,0,6,3,3,0,0,0,0,True,False,False,False,True,False,False,True,False,False,False,False,False,True,False,False,False,False,False,False,True,False,False,False,False,True
196,48,0,969,2,2,4,76,4,1,2,2559,16620,5,0,11,3,3,0,7,4,2,1,0,0,0,False,False,True,False,True,False,False,False,False,False,False,True,False,True,False,False,True,False,False,False,False,False,False,False,False,True
197,42,0,570,8,3,2,66,3,5,4,18430,16225,1,0,13,3,2,1,24,4,2,24,7,14,9,False,True,False,False,True,False,False,True,False,False,False,False,False,True,False,False,False,True,False,False,False,False,False,True,False,False
198,35,0,817,1,3,4,60,2,2,4,5363,10846,0,0,12,3,2,1,10,0,3,9,7,0,0,False,False,True,False,True,False,False,False,False,True,False,False,True,False,False,False,True,False,False,False,False,False,False,False,True,False
199,38,0,1261,2,4,4,88,3,2,3,6553,7259,9,0,14,3,2,0,14,3,3,1,0,0,0,False,False,True,False,True,False,False,True,False,False,False,False,False,True,False,False,False,False,True,False,False,False,False,False,True,False
200,44,0,381,24,3,1,49,1,1,3,3708,2104,2,0,14,3,3,0,9,5,3,5,2,1,4,True,False,False,False,True,False,False,False,False,True,False,False,False,True,False,False,True,False,False,False,False,False,False,False,False,True
201,35,0,1182,11,2,4,54,3,2,4,4968,18500,1,0,11,3,4,1,5,3,3,5,2,0,2,False,True,False,False,False,True,False,False,True,False,False,False,False,True,False,False,False,False,False,False,False,True,False,True,False,False
202,34,0,131,2,3,3,86,3,2,1,4538,6039,0,1,12,3,4,0,4,3,3,3,2,0,2,False,False,True,False,False,True,False,False,True,False,False,False,True,False,False,False,False,False,False,False,False,True,False,False,False,True
203,41,0,314,1,3,4,59,2,5,3,19189,19562,1,0,12,3,2,1,22,3,3,22,7,2,10,False,False,True,True,False,False,True,False,False,False,False,False,False,True,False,False,False,True,False,False,False,False,False,False,True,False
204,53,0,970,7,3,3,59,4,4,3,14814,13514,3,0,19,3,3,0,32,3,3,5,1,1,3,False,False,True,False,True,False,False,True,False,False,False,False,False,True,False,False,False,False,False,True,False,False,False,False,True,False
205,33,0,924,2,3,3,78,3,1,4,2496,6670,4,0,11,3,4,0,7,3,3,1,1,0,0,False,False,True,False,True,False,False,False,False,True,False,False,False,True,False,False,True,False,False,False,False,False,False,False,False,True
206,35,0,853,18,5,2,71,3,3,1,9069,11031,1,0,22,4,4,1,9,3,2,9,8,1,8,False,True,False,False,False,True,False,True,False,False,False,False,False,True,False,False,False,False,False,False,False,True,False,False,True,False
207,26,0,786,7,3,4,76,3,1,4,2570,11925,1,0,20,4,3,0,7,5,3,7,7,5,7,True,False,False,False,True,False,False,False,False,True,False,False,False,True,False,False,True,False,False,False,False,False,False,False,False,True
208,42,0,748,9,2,1,74,3,1,4,3673,16458,1,0,13,3,3,0,12,3,3,12,9,5,8,False,True,False,False,True,False,False,False,False,True,False,False,True,False,False,False,True,False,False,False,False,False,False,False,False,True
209,60,0,422,7,3,1,41,3,5,1,19566,3854,5,0,11,3,4,0,33,5,1,29,8,11,10,False,False,True,False,True,False,False,True,False,False,False,False,True,False,False,False,False,True,False,False,False,False,False,False,True,False
210,42,0,288,2,3,4,40,3,3,4,10124,18611,2,1,14,3,3,1,24,3,1,20,8,13,9,False,True,False,False,True,False,False,True,False,False,False,False,False,True,True,False,False,False,False,False,False,False,False,False,True,False
211,34,1,296,6,2,4,33,1,1,3,2351,12253,0,0,16,3,4,1,3,3,2,2,2,1,0,False,True,False,False,False,True,False,False,True,False,False,False,True,False,False,False,False,False,False,False,False,False,True,True,False,False
212,25,0,882,19,1,4,67,3,1,4,3669,9075,3,0,11,3,3,3,7,6,2,3,2,1,2,False,False,True,False,True,False,False,False,False,True,False,False,False,True,False,False,True,False,False,False,False,False,False,False,True,False
213,38,0,130,2,2,4,32,3,3,2,7351,20619,7,0,16,3,3,0,10,2,3,1,0,0,0,False,False,True,False,False,True,False,False,True,False,False,False,False,True,False,False,False,False,False,False,False,True,False,False,False,True
214,31,0,325,5,3,2,74,3,2,1,9936,3787,0,0,19,3,2,0,10,2,3,9,4,1,7,True,False,False,False,True,False,False,False,False,True,False,False,False,True,False,False,False,False,True,False,False,False,False,False,False,True
215,30,0,1116,2,3,3,49,3,1,4,2564,7181,0,0,14,3,3,0,12,2,2,11,7,6,7,True,False,False,False,True,False,False,False,False,True,False,False,True,False,False,False,True,False,False,False,False,False,False,False,False,True
216,36,0,845,1,5,4,45,3,2,4,6653,15276,4,0,15,3,2,0,7,6,3,1,0,0,0,True,False,False,False,False,True,False,False,False,True,False,False,True,False,False,False,False,False,False,False,False,True,False,False,False,True
217,40,0,1202,2,1,2,89,4,2,3,6377,13888,5,0,20,4,2,3,15,0,3,12,11,11,8,False,False,True,False,True,False,False,False,False,True,False,False,True,False,True,False,False,False,False,False,False,False,False,True,False,False
218,31,0,106,2,3,1,62,2,2,1,6410,17822,3,0,12,3,4,0,9,1,3,2,2,1,0,False,False,True,True,False,False,True,False,False,False,False,False,False,True,False,True,False,False,False,False,False,False,False,False,True,False
219,49,0,1490,7,4,3,35,3,3,2,10466,20948,3,0,14,3,2,2,29,3,3,8,7,0,7,False,False,True,False,True,False,False,True,False,False,False,False,False,True,True,False,False,False,False,False,False,False,False,True,False,False
220,44,0,489,23,3,2,67,3,2,2,2042,25043,4,0,12,3,3,1,17,3,4,3,2,1,2,True,False,False,False,True,False,False,False,False,True,False,False,False,True,False,False,True,False,False,False,False,False,False,False,True,False
221,24,1,1287,7,3,1,55,3,1,3,2886,14168,1,1,16,3,4,1,6,4,3,6,3,1,2,False,True,False,False,True,False,False,True,False,False,False,False,True,False,False,False,True,False,False,False,False,False,False,False,True,False
222,37,0,728,1,4,1,80,3,3,4,13603,11677,2,1,18,3,1,2,15,2,3,5,2,0,2,True,False,False,False,True,False,False,False,False,True,False,False,True,False,False,False,False,False,False,True,False,False,False,True,False,False
223,29,1,115,13,3,1,51,3,2,2,5765,17485,5,0,11,3,1,0,7,4,1,5,3,0,0,False,True,False,False,False,True,False,False,False,False,False,True,True,False,False,False,False,False,False,False,False,True,False,False,False,True
224,38,0,508,6,4,1,72,2,2,3,5321,14284,2,0,11,3,4,1,10,1,3,8,3,7,7,False,True,False,False,True,False,False,True,False,False,False,False,False,True,False,False,False,False,True,False,False,False,False,False,True,False
225,27,0,1103,14,3,1,42,3,1,1,2235,14377,1,1,14,3,4,2,9,3,2,9,7,6,8,False,False,True,False,True,False,False,True,False,False,False,False,False,True,False,False,False,False,False,False,True,False,False,False,True,False
226,30,0,855,7,4,4,73,3,2,1,4779,12761,7,0,14,3,2,2,8,3,3,3,2,0,2,False,False,True,False,False,True,False,False,True,False,False,False,True,False,False,False,False,False,False,False,False,True,False,True,False,False
227,32,0,824,5,2,4,67,2,2,2,5878,15624,3,0,12,3,1,1,12,2,3,7,1,2,5,False,False,True,False,True,False,False,True,False,False,False,False,True,False,False,False,False,False,False,False,True,False,False,False,True,False
228,35,0,1212,8,2,3,78,2,3,4,10377,13755,4,1,11,3,2,1,16,6,2,13,2,4,12,True,False,False,False,False,True,False,False,True,False,False,False,True,False,False,False,False,False,False,False,False,True,False,False,True,False
229,33,0,461,13,1,2,53,3,1,4,3452,17241,3,0,18,3,1,0,5,4,3,3,2,0,2,False,False,True,False,True,False,False,True,False,False,False,False,True,False,False,False,False,False,False,False,True,False,False,False,False,True
230,40,0,720,16,4,1,51,2,2,3,5094,11983,6,0,14,3,4,0,10,6,3,1,0,0,0,False,True,False,False,True,False,False,False,False,True,False,False,False,True,False,False,True,False,False,False,False,False,False,False,False,True
231,31,1,1365,13,4,2,46,3,2,1,4233,11512,2,0,17,3,3,0,9,2,1,3,1,1,2,False,False,True,False,False,True,False,False,False,True,False,False,False,True,False,False,False,False,False,False,False,True,False,True,False,False
232,45,0,364,25,3,2,83,3,5,2,18061,13035,3,0,22,4,3,0,22,4,3,0,0,0,0,False,True,False,False,True,False,False,False,False,True,False,False,True,False,False,False,False,True,False,False,False,False,False,False,False,True
233,34,0,937,1,3,1,32,3,3,4,9888,6770,1,0,21,4,1,0,14,3,2,14,8,2,1,False,False,True,False,False,True,False,False,True,False,False,False,False,True,False,False,False,False,False,False,False,True,False,False,False,True
234,42,0,188,29,3,2,56,1,2,4,4272,9558,4,0,19,3,1,0,16,3,3,1,0,0,0,False,False,True,False,True,False,False,False,False,True,False,False,False,True,False,False,True,False,False,False,False,False,False,False,False,True
235,39,0,170,3,2,3,76,2,2,3,3069,10302,0,0,15,3,4,1,11,3,3,10,8,0,7,False,False,True,False,True,False,False,False,False,True,False,False,False,True,False,False,True,False,False,False,False,False,False,True,False,False
236,56,0,667,1,4,3,57,3,2,3,6306,26236,1,0,21,4,1,1,13,2,2,13,12,1,9,True,False,False,False,True,False,False,True,False,False,False,False,False,True,True,False,False,False,False,False,False,False,False,True,False,False
237,25,1,1219,4,1,4,32,3,1,4,3691,4605,1,1,15,3,2,1,7,3,4,7,7,5,6,False,False,True,False,True,False,False,False,False,False,False,True,False,True,False,False,True,False,False,False,False,False,False,False,True,False
238,59,0,715,2,3,3,69,2,4,4,13726,21829,3,1,13,3,1,0,30,4,3,5,3,4,3,False,False,True,False,True,False,False,True,False,False,False,False,True,False,False,False,False,False,True,False,False,False,False,False,False,True
239,44,0,1315,3,4,4,35,3,5,4,19513,9358,4,1,12,3,1,1,26,2,4,2,2,0,1,False,False,True,False,True,False,False,False,False,False,True,False,False,True,False,False,False,True,False,False,False,False,False,False,True,False
240,33,1,465,2,2,1,39,3,1,1,2707,21509,7,0,20,4,1,0,13,3,4,9,7,1,7,False,False,True,False,True,False,False,True,False,False,False,False,True,False,False,False,True,False,False,False,False,False,False,False,True,False
241,34,0,648,11,3,3,56,2,2,2,4490,21833,4,0,11,3,4,2,14,5,4,10,9,1,8,False,True,False,True,False,False,False,True,False,False,False,False,False,True,False,True,False,False,False,False,False,False,False,False,True,False
242,26,1,1146,8,3,4,38,2,2,1,5326,3064,6,0,17,3,3,0,6,2,2,4,3,1,2,False,False,True,False,False,True,False,False,False,False,False,True,False,True,False,False,False,False,False,False,False,True,False,False,False,True
243,44,0,1199,4,2,3,92,4,5,1,19190,17477,1,0,14,3,4,2,26,4,2,25,9,14,13,False,False,True,False,True,False,False,True,False,False,False,False,False,True,False,False,False,True,False,False,False,False,False,True,False,False
244,37,0,482,3,3,3,36,3,3,3,9434,9606,1,0,15,3,3,1,10,2,3,10,7,7,8,False,False,True,False,True,False,False,False,False,False,True,False,False,True,False,False,False,False,True,False,False,False,False,False,True,False
245,54,0,157,10,3,3,77,3,2,1,4440,25198,6,1,19,3,4,0,9,3,3,5,2,1,4,False,False,True,False,True,False,False,False,False,True,False,False,True,False,False,False,False,False,True,False,False,False,False,False,False,True
246,34,0,1303,2,4,4,62,2,1,3,2768,8416,3,0,12,3,3,1,14,3,3,7,3,5,7,False,False,True,False,True,False,False,True,False,False,False,False,False,True,False,False,False,False,False,False,True,False,False,True,False,False
247,36,0,1302,6,4,1,80,4,2,1,5562,19711,3,1,13,3,4,1,9,3,3,3,2,0,2,False,True,False,False,True,False,False,True,False,False,False,False,False,True,False,False,True,False,False,False,False,False,False,False,True,False
248,40,0,1151,9,5,4,63,2,2,4,4876,14242,9,0,14,3,4,1,5,5,1,3,2,0,2,True,False,False,False,True,False,False,True,False,False,False,False,False,True,True,False,False,False,False,False,False,False,False,False,True,False
249,49,0,1023,2,3,4,63,2,2,2,5390,13243,2,0,14,3,4,0,17,3,2,9,6,0,8,False,True,False,False,False,True,False,False,False,True,False,False,False,True,False,False,False,False,False,False,False,True,False,False,True,False
250,39,0,439,9,3,3,70,3,2,2,6782,8770,9,0,15,3,3,0,9,2,2,5,4,0,3,True,False,False,False,True,False,False,True,False,False,False,False,False,True,False,False,True,False,False,False,False,False,False,False,False,True
251,41,0,427,10,4,2,73,2,5,4,19141,8861,3,0,15,3,2,3,23,2,2,21,6,12,6,False,False,True,True,False,False,True,False,False,False,False,False,False,True,False,False,False,True,False,False,False,False,False,True,False,False
252,52,0,771,2,4,1,79,2,5,3,19068,21030,1,1,18,3,4,0,33,2,4,33,7,15,12,True,False,False,False,False,True,False,True,False,False,False,False,False,True,False,False,False,True,False,False,False,False,False,False,False,True
253,31,0,655,7,4,4,48,3,2,4,5915,9528,3,0,22,4,4,1,10,3,2,7,7,1,7,False,False,True,False,True,False,False,True,False,False,False,False,False,True,False,False,True,False,False,False,False,False,False,True,False,False
254,40,0,369,8,2,2,92,3,2,1,6516,5041,2,1,16,3,2,1,18,3,3,1,0,0,0,False,False,True,False,True,False,False,True,False,False,False,False,True,False,False,False,False,False,True,False,False,False,False,False,True,False
255,30,0,1275,28,2,4,64,3,2,4,5775,11934,1,0,13,3,4,2,11,2,3,10,8,1,9,False,False,True,False,True,False,False,False,False,True,False,False,True,False,False,False,False,False,False,False,True,False,False,False,True,False
256,29,0,1283,23,3,4,54,3,1,4,2201,18168,9,0,16,3,4,0,6,4,3,3,2,1,2,False,False,True,False,True,False,False,True,False,False,False,False,False,True,False,False,False,False,False,False,True,False,False,False,False,True
257,58,1,289,2,3,4,51,3,1,3,2479,26227,4,0,24,4,1,0,7,4,3,1,0,0,0,False,False,True,False,True,False,False,False,False,False,False,True,False,True,False,False,False,False,False,False,True,False,False,False,False,True
258,40,0,1469,9,4,4,35,3,1,2,3617,25063,8,1,14,3,4,1,3,2,3,1,1,0,0,False,True,False,False,True,False,False,False,False,True,False,False,False,True,False,False,False,False,False,False,True,False,False,True,False,False
259,43,0,1291,15,2,3,65,2,4,3,17603,3525,1,0,24,4,1,1,14,3,3,14,10,6,11,False,False,True,False,True,False,False,True,False,False,False,False,False,True,False,False,False,False,False,True,False,False,False,False,True,False
260,37,0,342,16,4,4,66,2,2,3,6334,24558,4,0,19,3,4,2,9,2,3,1,0,0,0,False,False,True,False,False,True,False,False,True,False,False,False,False,True,False,False,False,False,False,False,False,True,False,True,False,False
261,30,0,1465,1,3,4,63,3,1,2,3579,9369,0,1,21,4,1,1,12,2,3,11,9,5,7,False,False,True,False,True,False,False,False,False,True,False,False,False,True,False,False,False,False,False,False,True,False,False,False,True,False
262,30,0,990,7,3,3,64,3,1,3,1274,7152,1,0,13,3,2,2,1,2,2,1,0,0,0,True,False,False,False,True,False,False,False,False,False,False,True,False,True,False,False,False,False,False,False,True,False,False,True,False,False
263,34,0,653,10,4,4,92,2,2,3,5063,15332,1,0,14,3,2,1,8,3,2,8,2,7,7,False,True,False,False,True,False,False,False,False,False,False,True,False,True,True,False,False,False,False,False,False,False,False,False,True,False
264,33,0,1111,5,1,2,61,3,2,4,9998,19293,6,0,13,3,1,0,8,2,4,5,4,1,2,False,True,False,False,False,True,False,True,False,False,False,False,False,True,False,False,False,False,False,False,False,True,False,False,True,False
265,49,0,527,8,2,1,51,3,3,2,7403,22477,4,0,11,3,3,1,29,3,2,26,9,1,7,False,False,True,False,True,False,False,False,False,False,True,False,True,False,False,False,True,False,False,False,False,False,False,False,True,False
266,50,0,854,1,4,4,68,3,5,4,19517,24118,3,0,11,3,3,1,32,3,2,7,0,0,6,False,False,True,False,False,True,False,False,False,True,False,False,True,False,False,False,False,True,False,False,False,False,False,True,False,False
267,30,0,1398,22,4,3,69,3,3,1,8412,2890,0,0,11,3,3,0,10,3,3,9,8,7,8,True,False,False,False,False,True,False,False,False,False,True,False,True,False,False,False,False,False,False,False,False,True,False,False,True,False
268,35,0,138,2,3,2,37,3,2,2,4425,15986,5,0,11,3,4,0,10,5,3,6,2,1,2,False,True,False,False,True,False,False,False,False,True,False,False,True,False,False,False,True,False,False,False,False,False,False,False,False,True
269,47,0,543,2,4,3,87,3,2,2,4978,3536,7,0,11,3,4,1,4,3,1,1,0,0,0,True,False,False,False,False,True,False,False,True,False,False,False,False,True,False,False,False,False,False,False,False,True,False,False,True,False
270,35,0,1214,1,3,2,30,2,1,3,2859,26278,1,0,18,3,1,0,6,3,3,6,4,0,4,False,False,True,False,True,False,False,False,False,True,False,False,False,True,False,False,False,False,False,False,True,False,False,False,False,True
271,49,0,1064,2,1,2,42,3,5,4,19161,13738,3,0,15,3,4,0,28,3,3,5,4,4,3,False,True,False,False,True,False,False,True,False,False,False,False,False,True,False,False,False,False,False,True,False,False,False,False,True,False
272,43,0,990,27,3,4,87,4,1,2,4876,5855,5,0,12,3,3,1,8,0,3,6,4,0,2,False,False,True,False,True,False,False,False,False,False,False,True,False,True,False,False,True,False,False,False,False,False,False,True,False,False
273,34,1,658,7,3,1,66,1,2,3,6074,22887,1,1,24,4,4,0,9,3,3,9,7,0,6,False,True,False,False,True,False,False,True,False,False,False,False,False,True,False,False,True,False,False,False,False,False,False,False,False,True
274,30,0,979,15,2,3,94,2,3,1,7140,3088,2,0,11,3,1,1,12,2,3,7,7,1,7,False,False,True,False,False,True,False,False,True,False,False,False,False,True,False,False,False,False,False,False,False,True,False,True,False,False
275,31,0,1112,5,4,1,67,3,2,4,5476,22589,1,0,11,3,1,2,10,2,3,10,0,0,2,False,False,True,False,False,True,False,True,False,False,False,False,True,False,False,False,False,False,False,False,False,True,False,False,True,False
276,46,0,991,1,2,4,44,3,1,1,3423,22957,6,0,12,3,3,0,10,3,4,7,6,5,7,False,False,True,True,False,False,False,True,False,False,False,False,True,False,False,True,False,False,False,False,False,False,False,False,False,True
277,43,0,177,8,3,1,55,3,2,2,4765,23814,4,0,21,4,3,1,4,2,4,1,0,0,0,False,False,True,False,True,False,False,True,False,False,False,False,True,False,False,False,False,False,True,False,False,False,False,True,False,False
278,39,0,792,1,3,4,77,3,2,4,6472,8989,1,1,15,3,4,1,9,2,3,9,8,5,8,True,False,False,False,True,False,False,True,False,False,False,False,False,True,False,False,True,False,False,False,False,False,False,False,True,False
279,41,0,918,6,3,4,35,3,3,3,9241,15869,1,0,12,3,2,0,10,3,3,10,8,8,7,False,False,True,False,False,True,False,False,True,False,False,False,False,True,False,False,False,False,False,False,False,True,False,False,False,True
280,52,0,715,19,4,4,41,3,1,4,4258,26589,0,0,18,3,1,1,5,3,3,4,3,1,2,True,False,False,False,True,False,False,False,False,True,False,False,False,True,False,False,False,False,False,False,True,False,False,False,True,False
281,30,0,641,25,2,4,85,3,2,3,4736,6069,7,1,12,3,2,1,4,2,4,2,2,2,2,True,False,False,False,False,True,False,False,False,False,False,True,True,False,False,False,False,False,False,False,False,True,False,False,True,False
282,48,0,1108,15,4,3,65,3,1,1,2367,16530,8,0,12,3,4,1,10,3,2,8,2,7,6,False,False,True,False,True,False,False,False,False,False,True,False,True,False,False,False,False,False,False,False,True,False,False,False,True,False
283,29,0,441,8,1,3,39,1,2,1,9715,7288,3,0,13,3,3,1,9,3,3,7,7,0,7,False,False,True,False,True,False,False,False,False,False,True,False,True,False,True,False,False,False,False,False,False,False,False,False,True,False
284,49,0,1091,1,2,3,90,2,4,3,13964,17810,7,1,12,3,4,0,25,2,3,7,1,0,7,False,False,True,False,True,False,False,False,False,False,False,True,True,False,True,False,False,False,False,False,False,False,False,False,False,True
285,35,0,287,1,4,3,62,1,1,4,2977,8952,1,0,12,3,4,1,4,5,3,4,3,1,1,False,False,True,False,True,False,False,True,False,False,False,False,True,False,False,False,False,False,False,False,True,False,False,False,True,False
286,28,0,467,7,3,3,55,3,2,1,4898,11827,0,0,14,3,4,0,5,5,3,4,2,1,3,False,True,False,False,False,True,False,True,False,False,False,False,False,True,False,False,False,False,False,False,False,True,False,False,False,True
287,32,0,1184,1,3,3,70,2,1,2,2332,3974,6,0,20,4,3,0,5,3,3,3,0,0,2,True,False,False,False,True,False,False,True,False,False,False,False,True,False,False,False,True,False,False,False,False,False,False,False,True,False
288,31,0,480,7,2,2,31,3,2,1,4306,4156,1,0,12,3,2,1,13,5,1,13,10,3,12,False,False,True,False,True,False,False,False,False,True,False,False,True,False,False,False,False,False,True,False,False,False,False,False,True,False
289,34,0,304,2,3,4,60,3,2,4,6274,18686,1,0,22,4,3,0,6,5,3,6,5,1,4,False,False,True,False,False,True,False,False,False,False,True,False,False,True,False,False,False,False,False,False,False,True,False,False,False,True
290,34,0,167,8,5,2,32,3,2,1,5121,4187,3,0,14,3,3,1,7,3,3,0,0,0,0,False,False,True,False,True,False,False,True,False,False,False,False,True,False,False,False,False,False,True,False,False,False,False,True,False,False
291,50,0,1322,28,3,4,43,3,4,1,16880,22422,4,1,11,3,2,0,25,2,3,3,2,1,2,False,False,True,False,True,False,False,True,False,False,False,False,True,False,False,False,False,False,False,True,False,False,False,False,True,False
292,37,0,1225,10,2,4,80,4,1,4,4680,15232,3,0,17,3,1,0,4,2,3,1,0,0,0,False,False,True,False,True,False,False,True,False,False,False,False,False,True,False,False,False,False,False,False,True,False,False,False,False,True
293,47,0,249,2,2,3,35,3,2,4,4537,17783,0,1,22,4,1,1,8,2,3,7,6,7,7,False,False,True,False,False,True,False,False,True,False,False,False,True,False,False,False,False,False,False,False,False,True,False,False,True,False
